{
  "predicted_architecture": "MVC",
  "top_contributing_features": [
    {
      "dimension": 2,
      "shap_value": 0.005699637040315061
    },
    {
      "dimension": 0,
      "shap_value": -0.004808647576010168
    },
    {
      "dimension": 1,
      "shap_value": -0.004382348112191501
    },
    {
      "dimension": 3,
      "shap_value": 0.003491358647886607
    }
  ]
}